Asker Id	Answerer Id	Post
1840823	420587	https://stackoverflow.com/questions/58742865/multiple-get-methods-with-a-single-parameter-result-in-ambiguousmatchexception
1840823	2474694	https://stackoverflow.com/questions/58742865/multiple-get-methods-with-a-single-parameter-result-in-ambiguousmatchexception
1840823	1678053	https://stackoverflow.com/questions/58742865/multiple-get-methods-with-a-single-parameter-result-in-ambiguousmatchexception
12248993	2118383	https://stackoverflow.com/questions/58743261/dll-is-missing-right-after-publishing-it-net-winforms
3858689	2571791	https://stackoverflow.com/questions/31224206/predefined-type-system-object-is-not-defined-or-imported-net-4-6
3858689	1093228	https://stackoverflow.com/questions/31224206/predefined-type-system-object-is-not-defined-or-imported-net-4-6
3858689	5717181	https://stackoverflow.com/questions/31224206/predefined-type-system-object-is-not-defined-or-imported-net-4-6
3858689	4990859	https://stackoverflow.com/questions/31224206/predefined-type-system-object-is-not-defined-or-imported-net-4-6
3858689	15349	https://stackoverflow.com/questions/31224206/predefined-type-system-object-is-not-defined-or-imported-net-4-6
3858689	547640	https://stackoverflow.com/questions/31224206/predefined-type-system-object-is-not-defined-or-imported-net-4-6
1444358	536221	https://stackoverflow.com/questions/58625512/some-controls-on-form-not-resizing-on-some-forms-in-c-windows-form
12185934	77884	https://stackoverflow.com/questions/58724696/how-to-update-status-in-db-on-webpage-leave-closed
933433	9083094	https://stackoverflow.com/questions/58740755/how-to-group-powershell-select-string-output-based-on-filename
1840823	418729	https://stackoverflow.com/questions/58742284/how-to-use-linq-to-query-a-key-property-using-generic-types
2836246	2644664	https://stackoverflow.com/questions/36472668/union-two-list-by-property
5912557	11790221	https://stackoverflow.com/questions/58741820/how-to-fix-metro-message-box-bug-it-doesnt-read-the-form-owners-size-and-loca
105937	494635	https://stackoverflow.com/questions/49925484/you-must-add-a-reference-to-assembly-netstandard-version-2-0-0-0
105937	148657	https://stackoverflow.com/questions/49925484/you-must-add-a-reference-to-assembly-netstandard-version-2-0-0-0
105937	148657	https://stackoverflow.com/questions/49925484/you-must-add-a-reference-to-assembly-netstandard-version-2-0-0-0
105937	1109689	https://stackoverflow.com/questions/49925484/you-must-add-a-reference-to-assembly-netstandard-version-2-0-0-0
105937	1371188	https://stackoverflow.com/questions/49925484/you-must-add-a-reference-to-assembly-netstandard-version-2-0-0-0
105937	8813822	https://stackoverflow.com/questions/49925484/you-must-add-a-reference-to-assembly-netstandard-version-2-0-0-0
105937	2608448	https://stackoverflow.com/questions/49925484/you-must-add-a-reference-to-assembly-netstandard-version-2-0-0-0
105937	10341511	https://stackoverflow.com/questions/49925484/you-must-add-a-reference-to-assembly-netstandard-version-2-0-0-0
105937	41403	https://stackoverflow.com/questions/49925484/you-must-add-a-reference-to-assembly-netstandard-version-2-0-0-0
105937	4972314	https://stackoverflow.com/questions/49925484/you-must-add-a-reference-to-assembly-netstandard-version-2-0-0-0
105937	3902220	https://stackoverflow.com/questions/49925484/you-must-add-a-reference-to-assembly-netstandard-version-2-0-0-0
1149328	581076	https://stackoverflow.com/questions/16407904/what-is-the-best-way-to-return-completed-task
1149328	23354	https://stackoverflow.com/questions/16407904/what-is-the-best-way-to-return-completed-task
1149328	1149328	https://stackoverflow.com/questions/16407904/what-is-the-best-way-to-return-completed-task
546220	1771539	https://stackoverflow.com/questions/8715459/disabling-or-greying-out-a-datagridview
546220	6544091	https://stackoverflow.com/questions/8715459/disabling-or-greying-out-a-datagridview
546220	1814859	https://stackoverflow.com/questions/8715459/disabling-or-greying-out-a-datagridview
546220	2565094	https://stackoverflow.com/questions/8715459/disabling-or-greying-out-a-datagridview
546220	944560	https://stackoverflow.com/questions/8715459/disabling-or-greying-out-a-datagridview
546220	4714	https://stackoverflow.com/questions/8715459/disabling-or-greying-out-a-datagridview
546220	993745	https://stackoverflow.com/questions/8715459/disabling-or-greying-out-a-datagridview
546220	301552	https://stackoverflow.com/questions/8715459/disabling-or-greying-out-a-datagridview
4801362	7609093	https://stackoverflow.com/questions/58709294/block-anonymous-folder-access-with-adfs
2461	6526663	https://stackoverflow.com/questions/677874/starting-a-process-with-credentials-from-a-windows-service
2461	850848	https://stackoverflow.com/questions/677874/starting-a-process-with-credentials-from-a-windows-service
2461	12845	https://stackoverflow.com/questions/677874/starting-a-process-with-credentials-from-a-windows-service
2461	10262	https://stackoverflow.com/questions/677874/starting-a-process-with-credentials-from-a-windows-service
2461	19032	https://stackoverflow.com/questions/677874/starting-a-process-with-credentials-from-a-windows-service
2461	47733	https://stackoverflow.com/questions/677874/starting-a-process-with-credentials-from-a-windows-service
2461	50776	https://stackoverflow.com/questions/677874/starting-a-process-with-credentials-from-a-windows-service
4024800	8173870	https://stackoverflow.com/questions/58739876/wpf-net-clickonce-deployment-install-location
1628789	3968736	https://stackoverflow.com/questions/12252805/property-private-method-or-private-get-set
1628789	1958681	https://stackoverflow.com/questions/12252805/property-private-method-or-private-get-set
1628789	400547	https://stackoverflow.com/questions/12252805/property-private-method-or-private-get-set
1628789	446519	https://stackoverflow.com/questions/12252805/property-private-method-or-private-get-set
1628789	464879	https://stackoverflow.com/questions/12252805/property-private-method-or-private-get-set
1628789	1336654	https://stackoverflow.com/questions/12252805/property-private-method-or-private-get-set
1628789	156695	https://stackoverflow.com/questions/12252805/property-private-method-or-private-get-set
5159468	5038208	https://stackoverflow.com/questions/54147853/untouched-code-suddenly-throws-method-not-found-void-swashbuckle-application-s
5159468	2459290	https://stackoverflow.com/questions/54147853/untouched-code-suddenly-throws-method-not-found-void-swashbuckle-application-s
12185887	8367626	https://stackoverflow.com/questions/58738268/why-assigning-a-value-to-date-type-object-is-not-getting-its-value-properly
12185887	3110834	https://stackoverflow.com/questions/58738268/why-assigning-a-value-to-date-type-object-is-not-getting-its-value-properly
247597	3095784	https://stackoverflow.com/questions/5229341/ssrs-problem-getting-asp-net-session-has-expired
247597	568289	https://stackoverflow.com/questions/5229341/ssrs-problem-getting-asp-net-session-has-expired
10057483	7814710	https://stackoverflow.com/questions/58671991/avoid-duplicate-entries-in-entity-framework-using-mssql-and-net-core
10057483	3829417	https://stackoverflow.com/questions/58671991/avoid-duplicate-entries-in-entity-framework-using-mssql-and-net-core
12324414	1554116	https://stackoverflow.com/questions/58705903/exception-system-argumentnullexception-value-cannot-be-null
12332492	12332492	https://stackoverflow.com/questions/58735539/how-to-view-that-advertiser-is-connected
4805491	4805491	https://stackoverflow.com/questions/57682408/how-to-use-custom-cultureinfo-in-nunit
11068471	1139830	https://stackoverflow.com/questions/58737905/reusing-database-connection-with-dapper-in-net-web-api
11317519	3093731	https://stackoverflow.com/questions/55537543/azure-active-directory-wont-logout-using-asp-net-core-2-1-mvc
11317519	10504999	https://stackoverflow.com/questions/55537543/azure-active-directory-wont-logout-using-asp-net-core-2-1-mvc
11317519	5751404	https://stackoverflow.com/questions/55537543/azure-active-directory-wont-logout-using-asp-net-core-2-1-mvc
6273178	2583352	https://stackoverflow.com/questions/41700759/httpcontext-response-cache-equivalent-in-net-core
6273178	29407	https://stackoverflow.com/questions/41700759/httpcontext-response-cache-equivalent-in-net-core
7685247	2684353	https://stackoverflow.com/questions/43183496/get-real-exception-type-that-is-contained-in-aggregateexception
7685247	7685247	https://stackoverflow.com/questions/43183496/get-real-exception-type-that-is-contained-in-aggregateexception
7685247	2704659	https://stackoverflow.com/questions/43183496/get-real-exception-type-that-is-contained-in-aggregateexception
7685247	993547	https://stackoverflow.com/questions/43183496/get-real-exception-type-that-is-contained-in-aggregateexception
4795110	5560814	https://stackoverflow.com/questions/58731103/azure-functions-reading-custom-json
303685	5718868	https://stackoverflow.com/questions/24772053/found-conflicts-between-different-versions-of-the-same-dependent-assembly-that-c
303685	793036	https://stackoverflow.com/questions/24772053/found-conflicts-between-different-versions-of-the-same-dependent-assembly-that-c
303685	2597991	https://stackoverflow.com/questions/24772053/found-conflicts-between-different-versions-of-the-same-dependent-assembly-that-c
303685	4550962	https://stackoverflow.com/questions/24772053/found-conflicts-between-different-versions-of-the-same-dependent-assembly-that-c
303685	7385487	https://stackoverflow.com/questions/24772053/found-conflicts-between-different-versions-of-the-same-dependent-assembly-that-c
303685	2942659	https://stackoverflow.com/questions/24772053/found-conflicts-between-different-versions-of-the-same-dependent-assembly-that-c
303685	663246	https://stackoverflow.com/questions/24772053/found-conflicts-between-different-versions-of-the-same-dependent-assembly-that-c
303685	3651622	https://stackoverflow.com/questions/24772053/found-conflicts-between-different-versions-of-the-same-dependent-assembly-that-c
303685	11635	https://stackoverflow.com/questions/24772053/found-conflicts-between-different-versions-of-the-same-dependent-assembly-that-c
303685	4561177	https://stackoverflow.com/questions/24772053/found-conflicts-between-different-versions-of-the-same-dependent-assembly-that-c
303685	965738	https://stackoverflow.com/questions/24772053/found-conflicts-between-different-versions-of-the-same-dependent-assembly-that-c
303685	661109	https://stackoverflow.com/questions/24772053/found-conflicts-between-different-versions-of-the-same-dependent-assembly-that-c
303685	2385108	https://stackoverflow.com/questions/24772053/found-conflicts-between-different-versions-of-the-same-dependent-assembly-that-c
303685	2697556	https://stackoverflow.com/questions/24772053/found-conflicts-between-different-versions-of-the-same-dependent-assembly-that-c
303685	1432407	https://stackoverflow.com/questions/24772053/found-conflicts-between-different-versions-of-the-same-dependent-assembly-that-c
303685	5165273	https://stackoverflow.com/questions/24772053/found-conflicts-between-different-versions-of-the-same-dependent-assembly-that-c
303685	4744390	https://stackoverflow.com/questions/24772053/found-conflicts-between-different-versions-of-the-same-dependent-assembly-that-c
303685	4389887	https://stackoverflow.com/questions/24772053/found-conflicts-between-different-versions-of-the-same-dependent-assembly-that-c
303685	384478	https://stackoverflow.com/questions/24772053/found-conflicts-between-different-versions-of-the-same-dependent-assembly-that-c
303685	268066	https://stackoverflow.com/questions/24772053/found-conflicts-between-different-versions-of-the-same-dependent-assembly-that-c
1768	54289	https://stackoverflow.com/questions/463073/run-windows-forms-application-as-service
1768	1768	https://stackoverflow.com/questions/463073/run-windows-forms-application-as-service
1768	397639	https://stackoverflow.com/questions/463073/run-windows-forms-application-as-service
1768	12845	https://stackoverflow.com/questions/463073/run-windows-forms-application-as-service
1768	33264	https://stackoverflow.com/questions/463073/run-windows-forms-application-as-service
1768	26507	https://stackoverflow.com/questions/463073/run-windows-forms-application-as-service
1768	19314	https://stackoverflow.com/questions/463073/run-windows-forms-application-as-service
1768	50776	https://stackoverflow.com/questions/463073/run-windows-forms-application-as-service
2316152	8662608	https://stackoverflow.com/questions/48670178/directoryentry-safe-password-handling
2316152	1202807	https://stackoverflow.com/questions/48670178/directoryentry-safe-password-handling
2316152	2423288	https://stackoverflow.com/questions/48670178/directoryentry-safe-password-handling
12210741	10585526	https://stackoverflow.com/questions/58733757/how-to-implement-one-method-that-support-both-sync-async-calls
1554876	7264620	https://stackoverflow.com/questions/58634470/for-ibm-wmq-net-reference-why-is-my-code-not-loading-an-application-specific-v
162462	612702	https://stackoverflow.com/questions/9290146/generic-type-conversion-in-python
162462	20862	https://stackoverflow.com/questions/9290146/generic-type-conversion-in-python
162462	1170574	https://stackoverflow.com/questions/9290146/generic-type-conversion-in-python
93	22656	https://stackoverflow.com/questions/299703/delegate-keyword-vs-lambda-notation
93	1509	https://stackoverflow.com/questions/299703/delegate-keyword-vs-lambda-notation
93	4959238	https://stackoverflow.com/questions/299703/delegate-keyword-vs-lambda-notation
93	38670	https://stackoverflow.com/questions/299703/delegate-keyword-vs-lambda-notation
93	8155	https://stackoverflow.com/questions/299703/delegate-keyword-vs-lambda-notation
93	972264	https://stackoverflow.com/questions/299703/delegate-keyword-vs-lambda-notation
10574098	10574098	https://stackoverflow.com/questions/58726192/problem-for-console-redirection-after-piping-through-command
7774396	7774396	https://stackoverflow.com/questions/43452933/why-different-error-codes-for-same-exception
7774396	21567	https://stackoverflow.com/questions/43452933/why-different-error-codes-for-same-exception
1161703	1991643	https://stackoverflow.com/questions/26445708/the-type-or-namespace-name-optimization-does-not-exist-in-the-namespace-syste
1161703	769678	https://stackoverflow.com/questions/26445708/the-type-or-namespace-name-optimization-does-not-exist-in-the-namespace-syste
1161703	9179521	https://stackoverflow.com/questions/26445708/the-type-or-namespace-name-optimization-does-not-exist-in-the-namespace-syste
1161703	2597706	https://stackoverflow.com/questions/26445708/the-type-or-namespace-name-optimization-does-not-exist-in-the-namespace-syste
1161703	2559126	https://stackoverflow.com/questions/26445708/the-type-or-namespace-name-optimization-does-not-exist-in-the-namespace-syste
1161703	3404841	https://stackoverflow.com/questions/26445708/the-type-or-namespace-name-optimization-does-not-exist-in-the-namespace-syste
12332784	12052112	https://stackoverflow.com/questions/58733386/how-to-display-two-actionresults-in-one-view
1187736	1841839	https://stackoverflow.com/questions/41419455/googlewebauthorizationbroker-does-not-automatically-return-new-access-token-from
1617005	1065818	https://stackoverflow.com/questions/58595246/using-system-net-dns-gethostentry-to-get-the-ip-address-for-a-website-will
1617005	3662425	https://stackoverflow.com/questions/58595246/using-system-net-dns-gethostentry-to-get-the-ip-address-for-a-website-will
1617005	12188799	https://stackoverflow.com/questions/58595246/using-system-net-dns-gethostentry-to-get-the-ip-address-for-a-website-will
1617005	2896332	https://stackoverflow.com/questions/58595246/using-system-net-dns-gethostentry-to-get-the-ip-address-for-a-website-will
174375	22656	https://stackoverflow.com/questions/58726649/does-net-put-your-libraries-into-the-gac
8517918	2181397	https://stackoverflow.com/questions/58733389/function-on-change-of-javascript-not-working-in-asp-net-mvc
8517918	4377430	https://stackoverflow.com/questions/58733389/function-on-change-of-javascript-not-working-in-asp-net-mvc
11665578	541877	https://stackoverflow.com/questions/56653137/why-is-a-sql-command-in-my-code-replaced-by-todo-func-at-runtime
205859	2743236	https://stackoverflow.com/questions/7062882/searching-a-tree-using-linq
205859	3895341	https://stackoverflow.com/questions/7062882/searching-a-tree-using-linq
205859	363437	https://stackoverflow.com/questions/7062882/searching-a-tree-using-linq
205859	139300	https://stackoverflow.com/questions/7062882/searching-a-tree-using-linq
205859	328848	https://stackoverflow.com/questions/7062882/searching-a-tree-using-linq
205859	642440	https://stackoverflow.com/questions/7062882/searching-a-tree-using-linq
205859	444118	https://stackoverflow.com/questions/7062882/searching-a-tree-using-linq
205859	276994	https://stackoverflow.com/questions/7062882/searching-a-tree-using-linq
205859	338645	https://stackoverflow.com/questions/7062882/searching-a-tree-using-linq
205859	675502	https://stackoverflow.com/questions/7062882/searching-a-tree-using-linq
205859	272958	https://stackoverflow.com/questions/7062882/searching-a-tree-using-linq
205859	249933	https://stackoverflow.com/questions/7062882/searching-a-tree-using-linq
1108314	4572240	https://stackoverflow.com/questions/10113532/how-do-i-fix-the-visual-studio-compile-error-mismatch-between-processor-archit
1108314	7064992	https://stackoverflow.com/questions/10113532/how-do-i-fix-the-visual-studio-compile-error-mismatch-between-processor-archit
1108314	3908810	https://stackoverflow.com/questions/10113532/how-do-i-fix-the-visual-studio-compile-error-mismatch-between-processor-archit
1108314	1370311	https://stackoverflow.com/questions/10113532/how-do-i-fix-the-visual-studio-compile-error-mismatch-between-processor-archit
1108314	1339453	https://stackoverflow.com/questions/10113532/how-do-i-fix-the-visual-studio-compile-error-mismatch-between-processor-archit
1108314	556595	https://stackoverflow.com/questions/10113532/how-do-i-fix-the-visual-studio-compile-error-mismatch-between-processor-archit
1108314	58880	https://stackoverflow.com/questions/10113532/how-do-i-fix-the-visual-studio-compile-error-mismatch-between-processor-archit
1108314	227436	https://stackoverflow.com/questions/10113532/how-do-i-fix-the-visual-studio-compile-error-mismatch-between-processor-archit
1108314	2661158	https://stackoverflow.com/questions/10113532/how-do-i-fix-the-visual-studio-compile-error-mismatch-between-processor-archit
1108314	813901	https://stackoverflow.com/questions/10113532/how-do-i-fix-the-visual-studio-compile-error-mismatch-between-processor-archit
1108314	621316	https://stackoverflow.com/questions/10113532/how-do-i-fix-the-visual-studio-compile-error-mismatch-between-processor-archit
1108314	1257110	https://stackoverflow.com/questions/10113532/how-do-i-fix-the-visual-studio-compile-error-mismatch-between-processor-archit
1108314	1296733	https://stackoverflow.com/questions/10113532/how-do-i-fix-the-visual-studio-compile-error-mismatch-between-processor-archit
1108314	2908254	https://stackoverflow.com/questions/10113532/how-do-i-fix-the-visual-studio-compile-error-mismatch-between-processor-archit
1108314	401388	https://stackoverflow.com/questions/10113532/how-do-i-fix-the-visual-studio-compile-error-mismatch-between-processor-archit
1108314	983169	https://stackoverflow.com/questions/10113532/how-do-i-fix-the-visual-studio-compile-error-mismatch-between-processor-archit
1108314	1345535	https://stackoverflow.com/questions/10113532/how-do-i-fix-the-visual-studio-compile-error-mismatch-between-processor-archit
1108314	17034	https://stackoverflow.com/questions/10113532/how-do-i-fix-the-visual-studio-compile-error-mismatch-between-processor-archit
1108314	823599	https://stackoverflow.com/questions/10113532/how-do-i-fix-the-visual-studio-compile-error-mismatch-between-processor-archit
30674	236905	https://stackoverflow.com/questions/3201598/how-do-i-create-a-file-and-any-folders-if-the-folders-dont-exist
30674	3367974	https://stackoverflow.com/questions/3201598/how-do-i-create-a-file-and-any-folders-if-the-folders-dont-exist
30674	33236	https://stackoverflow.com/questions/3201598/how-do-i-create-a-file-and-any-folders-if-the-folders-dont-exist
30674	169492	https://stackoverflow.com/questions/3201598/how-do-i-create-a-file-and-any-folders-if-the-folders-dont-exist
30674	1583	https://stackoverflow.com/questions/3201598/how-do-i-create-a-file-and-any-folders-if-the-folders-dont-exist
30674	181197	https://stackoverflow.com/questions/3201598/how-do-i-create-a-file-and-any-folders-if-the-folders-dont-exist
30674	352898	https://stackoverflow.com/questions/3201598/how-do-i-create-a-file-and-any-folders-if-the-folders-dont-exist
30674	383426	https://stackoverflow.com/questions/3201598/how-do-i-create-a-file-and-any-folders-if-the-folders-dont-exist
30674	5363	https://stackoverflow.com/questions/3201598/how-do-i-create-a-file-and-any-folders-if-the-folders-dont-exist
3252679	12332727	https://stackoverflow.com/questions/28961209/line-break-in-t-sql-char13-is-not-working
3252679	266143	https://stackoverflow.com/questions/28961209/line-break-in-t-sql-char13-is-not-working
3252679	707458	https://stackoverflow.com/questions/28961209/line-break-in-t-sql-char13-is-not-working
6105316	1367090	https://stackoverflow.com/questions/58732423/how-to-stop-newtonsoft-json-from-camelcasing
6105316	120783	https://stackoverflow.com/questions/58732423/how-to-stop-newtonsoft-json-from-camelcasing
11644268	1838048	https://stackoverflow.com/questions/58730263/how-to-write-new-line-character-n-in-resx-file
7314737	9898643	https://stackoverflow.com/questions/58701511/powershell-cut-combine-and-simplify-lines-in-a-file
7314737	11025476	https://stackoverflow.com/questions/58701511/powershell-cut-combine-and-simplify-lines-in-a-file
2425071	123834	https://stackoverflow.com/questions/17810211/convert-decimal-to-string-without-commas-or-dots
2425071	2533772	https://stackoverflow.com/questions/17810211/convert-decimal-to-string-without-commas-or-dots
2425071	1195080	https://stackoverflow.com/questions/17810211/convert-decimal-to-string-without-commas-or-dots
2425071	121309	https://stackoverflow.com/questions/17810211/convert-decimal-to-string-without-commas-or-dots
2425071	1837731	https://stackoverflow.com/questions/17810211/convert-decimal-to-string-without-commas-or-dots
2425071	1342496	https://stackoverflow.com/questions/17810211/convert-decimal-to-string-without-commas-or-dots
2425071	327395	https://stackoverflow.com/questions/17810211/convert-decimal-to-string-without-commas-or-dots
2425071	1786428	https://stackoverflow.com/questions/17810211/convert-decimal-to-string-without-commas-or-dots
8532362	1051784	https://stackoverflow.com/questions/45938814/the-version-of-microsoft-net-sdk-used-by-this-project-is-insufficient-to-support
8532362	11873310	https://stackoverflow.com/questions/45938814/the-version-of-microsoft-net-sdk-used-by-this-project-is-insufficient-to-support
8532362	3679870	https://stackoverflow.com/questions/45938814/the-version-of-microsoft-net-sdk-used-by-this-project-is-insufficient-to-support
8532362	4337436	https://stackoverflow.com/questions/45938814/the-version-of-microsoft-net-sdk-used-by-this-project-is-insufficient-to-support
225480	1874522	https://stackoverflow.com/questions/58717680/catching-dependency-injection-errors-in-controllers-in-net-web-api
225480	225480	https://stackoverflow.com/questions/58717680/catching-dependency-injection-errors-in-controllers-in-net-web-api
3890835	1889491	https://stackoverflow.com/questions/58729972/how-to-convert-this-oracle-query-to-linq
3191599	12170498	https://stackoverflow.com/questions/38085430/the-library-hostpolicy-dll-was-not-found
3191599	3980824	https://stackoverflow.com/questions/38085430/the-library-hostpolicy-dll-was-not-found
3191599	5486	https://stackoverflow.com/questions/38085430/the-library-hostpolicy-dll-was-not-found
3191599	7262434	https://stackoverflow.com/questions/38085430/the-library-hostpolicy-dll-was-not-found
3191599	5407323	https://stackoverflow.com/questions/38085430/the-library-hostpolicy-dll-was-not-found
3191599	190831	https://stackoverflow.com/questions/38085430/the-library-hostpolicy-dll-was-not-found
3191599	1646116	https://stackoverflow.com/questions/38085430/the-library-hostpolicy-dll-was-not-found
3191599	68940	https://stackoverflow.com/questions/38085430/the-library-hostpolicy-dll-was-not-found
3191599	1447389	https://stackoverflow.com/questions/38085430/the-library-hostpolicy-dll-was-not-found
3191599	3191599	https://stackoverflow.com/questions/38085430/the-library-hostpolicy-dll-was-not-found
22687	5427499	https://stackoverflow.com/questions/1110289/how-to-get-the-rowid-back-from-an-executeoraclenonquery-in-c
22687	25714	https://stackoverflow.com/questions/1110289/how-to-get-the-rowid-back-from-an-executeoraclenonquery-in-c
22687	445	https://stackoverflow.com/questions/1110289/how-to-get-the-rowid-back-from-an-executeoraclenonquery-in-c
82	10887260	https://stackoverflow.com/questions/529929/choosing-the-default-value-of-an-enum-type-without-having-to-change-values
82	831721	https://stackoverflow.com/questions/529929/choosing-the-default-value-of-an-enum-type-without-having-to-change-values
82	532616	https://stackoverflow.com/questions/529929/choosing-the-default-value-of-an-enum-type-without-having-to-change-values
82	190271	https://stackoverflow.com/questions/529929/choosing-the-default-value-of-an-enum-type-without-having-to-change-values
82	1052403	https://stackoverflow.com/questions/529929/choosing-the-default-value-of-an-enum-type-without-having-to-change-values
82	2052085	https://stackoverflow.com/questions/529929/choosing-the-default-value-of-an-enum-type-without-having-to-change-values
82	12725	https://stackoverflow.com/questions/529929/choosing-the-default-value-of-an-enum-type-without-having-to-change-values
82	804385	https://stackoverflow.com/questions/529929/choosing-the-default-value-of-an-enum-type-without-having-to-change-values
82	968969	https://stackoverflow.com/questions/529929/choosing-the-default-value-of-an-enum-type-without-having-to-change-values
82	858343	https://stackoverflow.com/questions/529929/choosing-the-default-value-of-an-enum-type-without-having-to-change-values
82	61883	https://stackoverflow.com/questions/529929/choosing-the-default-value-of-an-enum-type-without-having-to-change-values
82	57135	https://stackoverflow.com/questions/529929/choosing-the-default-value-of-an-enum-type-without-having-to-change-values
13442	9574234	https://stackoverflow.com/questions/2315129/the-model-item-passed-into-the-dictionary-is-of-type-mvc-models-modela-but-thi
13442	5546869	https://stackoverflow.com/questions/2315129/the-model-item-passed-into-the-dictionary-is-of-type-mvc-models-modela-but-thi
13442	57883	https://stackoverflow.com/questions/2315129/the-model-item-passed-into-the-dictionary-is-of-type-mvc-models-modela-but-thi
13442	4773983	https://stackoverflow.com/questions/2315129/the-model-item-passed-into-the-dictionary-is-of-type-mvc-models-modela-but-thi
13442	2061604	https://stackoverflow.com/questions/2315129/the-model-item-passed-into-the-dictionary-is-of-type-mvc-models-modela-but-thi
13442	2615152	https://stackoverflow.com/questions/2315129/the-model-item-passed-into-the-dictionary-is-of-type-mvc-models-modela-but-thi
13442	397913	https://stackoverflow.com/questions/2315129/the-model-item-passed-into-the-dictionary-is-of-type-mvc-models-modela-but-thi
13442	235288	https://stackoverflow.com/questions/2315129/the-model-item-passed-into-the-dictionary-is-of-type-mvc-models-modela-but-thi
13442	40348	https://stackoverflow.com/questions/2315129/the-model-item-passed-into-the-dictionary-is-of-type-mvc-models-modela-but-thi
13442	19707	https://stackoverflow.com/questions/2315129/the-model-item-passed-into-the-dictionary-is-of-type-mvc-models-modela-but-thi
1025407	1025407	https://stackoverflow.com/questions/49799389/how-to-make-automapper-truncate-strings-according-to-maxlength-attribute
1025407	6508058	https://stackoverflow.com/questions/49799389/how-to-make-automapper-truncate-strings-according-to-maxlength-attribute
1025407	2390175	https://stackoverflow.com/questions/49799389/how-to-make-automapper-truncate-strings-according-to-maxlength-attribute
2140331	9665021	https://stackoverflow.com/questions/58725992/nullpointer-when-deserializing-json-to-a-list
47672	193178	https://stackoverflow.com/questions/12493301/log-method-name-and-parameters-with-nlog
47672	1583927	https://stackoverflow.com/questions/12493301/log-method-name-and-parameters-with-nlog
12200599	12200599	https://stackoverflow.com/questions/58726777/listbox-items-add-adds-by-value-of-2-fields
638311	10091607	https://stackoverflow.com/questions/58721335/blazor-server-scoped-object-in-dependency-injection-creating-multiple-instance
4593991	1838048	https://stackoverflow.com/questions/58712004/how-to-prevent-hangfire-recurring-job-execution-after-iis-restart
957858	4355889	https://stackoverflow.com/questions/7506588/why-does-listview-fire-event-indicating-that-checked-item-is-unchecked-after-add
957858	874888	https://stackoverflow.com/questions/7506588/why-does-listview-fire-event-indicating-that-checked-item-is-unchecked-after-add
12141169	11178549	https://stackoverflow.com/questions/58725305/how-to-provide-a-user-with-progress-or-estimation-of-time-to-needed-to-complete
447105	59303	https://stackoverflow.com/questions/847752/net-wpf-remember-window-size-between-sessions
447105	4033794	https://stackoverflow.com/questions/847752/net-wpf-remember-window-size-between-sessions
447105	92371	https://stackoverflow.com/questions/847752/net-wpf-remember-window-size-between-sessions
447105	9038080	https://stackoverflow.com/questions/847752/net-wpf-remember-window-size-between-sessions
447105	353147	https://stackoverflow.com/questions/847752/net-wpf-remember-window-size-between-sessions
447105	3480261	https://stackoverflow.com/questions/847752/net-wpf-remember-window-size-between-sessions
447105	204692	https://stackoverflow.com/questions/847752/net-wpf-remember-window-size-between-sessions
447105	98713	https://stackoverflow.com/questions/847752/net-wpf-remember-window-size-between-sessions
447105	175308	https://stackoverflow.com/questions/847752/net-wpf-remember-window-size-between-sessions
447105	1140388	https://stackoverflow.com/questions/847752/net-wpf-remember-window-size-between-sessions
447105	319711	https://stackoverflow.com/questions/847752/net-wpf-remember-window-size-between-sessions
447105	11249	https://stackoverflow.com/questions/847752/net-wpf-remember-window-size-between-sessions
447105	661761	https://stackoverflow.com/questions/847752/net-wpf-remember-window-size-between-sessions
447105	3857	https://stackoverflow.com/questions/847752/net-wpf-remember-window-size-between-sessions
1699169	10753720	https://stackoverflow.com/questions/33562034/develop-wpf-app-like-windows-10-setting-app
1699169	318501	https://stackoverflow.com/questions/33562034/develop-wpf-app-like-windows-10-setting-app
1280984	8588804	https://stackoverflow.com/questions/10182751/server-client-send-receive-simple-text
1280984	6788654	https://stackoverflow.com/questions/10182751/server-client-send-receive-simple-text
1280984	8588804	https://stackoverflow.com/questions/10182751/server-client-send-receive-simple-text
1280984	6025744	https://stackoverflow.com/questions/10182751/server-client-send-receive-simple-text
1280984	1060928	https://stackoverflow.com/questions/10182751/server-client-send-receive-simple-text
118584	833921	https://stackoverflow.com/questions/15341028/check-if-a-property-exists-in-a-class
118584	8125742	https://stackoverflow.com/questions/15341028/check-if-a-property-exists-in-a-class
118584	7199922	https://stackoverflow.com/questions/15341028/check-if-a-property-exists-in-a-class
118584	947530	https://stackoverflow.com/questions/15341028/check-if-a-property-exists-in-a-class
118584	1663919	https://stackoverflow.com/questions/15341028/check-if-a-property-exists-in-a-class
118584	219661	https://stackoverflow.com/questions/15341028/check-if-a-property-exists-in-a-class
12326334	850848	https://stackoverflow.com/questions/58712466/download-single-file-from-ftp-server-in-chunks-in-multiple-threads-using-c
12326334	3346583	https://stackoverflow.com/questions/58712466/download-single-file-from-ftp-server-in-chunks-in-multiple-threads-using-c
11272124	800524	https://stackoverflow.com/questions/58639368/how-does-using-await-differ-from-using-continuewith-when-processing-async-tasks
11272124	11178549	https://stackoverflow.com/questions/58639368/how-does-using-await-differ-from-using-continuewith-when-processing-async-tasks
314661	12031933	https://stackoverflow.com/questions/13169393/extract-number-at-end-of-string-in-c
314661	3417858	https://stackoverflow.com/questions/13169393/extract-number-at-end-of-string-in-c
314661	3832970	https://stackoverflow.com/questions/13169393/extract-number-at-end-of-string-in-c
314661	1292530	https://stackoverflow.com/questions/13169393/extract-number-at-end-of-string-in-c
314661	787016	https://stackoverflow.com/questions/13169393/extract-number-at-end-of-string-in-c
314661	1484320	https://stackoverflow.com/questions/13169393/extract-number-at-end-of-string-in-c
314661	1414028	https://stackoverflow.com/questions/13169393/extract-number-at-end-of-string-in-c
314661	91	https://stackoverflow.com/questions/13169393/extract-number-at-end-of-string-in-c
314661	2975	https://stackoverflow.com/questions/13169393/extract-number-at-end-of-string-in-c
1173307	111604	https://stackoverflow.com/questions/58706621/quartz-net-multithreading-and-thread-safety
12129199	8198946	https://stackoverflow.com/questions/58690138/implementation-of-webhook-in-azure-data-factory
2560240	5931106	https://stackoverflow.com/questions/18050615/how-to-open-dll-files-to-see-what-is-written-inside
2560240	46942	https://stackoverflow.com/questions/18050615/how-to-open-dll-files-to-see-what-is-written-inside
2560240	103617	https://stackoverflow.com/questions/18050615/how-to-open-dll-files-to-see-what-is-written-inside
2560240	1614233	https://stackoverflow.com/questions/18050615/how-to-open-dll-files-to-see-what-is-written-inside
2560240	2037787	https://stackoverflow.com/questions/18050615/how-to-open-dll-files-to-see-what-is-written-inside
2560240	3353328	https://stackoverflow.com/questions/18050615/how-to-open-dll-files-to-see-what-is-written-inside
2560240	1430492	https://stackoverflow.com/questions/18050615/how-to-open-dll-files-to-see-what-is-written-inside
2616919	6049604	https://stackoverflow.com/questions/57964481/azure-devops-pipelines-net-website-not-copying-bin-folder
10886582	1166774	https://stackoverflow.com/questions/58689394/file-exists-returns-false-in-one-of-many-async-tasks
33	35	https://stackoverflow.com/questions/39/reliable-timer-in-a-console-application
33	39	https://stackoverflow.com/questions/39/reliable-timer-in-a-console-application
1410658	11261776	https://stackoverflow.com/questions/13037362/read-rows-in-excel-file-using-c
1410658	444610	https://stackoverflow.com/questions/13037362/read-rows-in-excel-file-using-c
12129435	12129435	https://stackoverflow.com/questions/58483863/how-to-deploy-net-core-in-kubernetes
12129435	5754601	https://stackoverflow.com/questions/58483863/how-to-deploy-net-core-in-kubernetes
12129435	490170	https://stackoverflow.com/questions/58483863/how-to-deploy-net-core-in-kubernetes
8193977	9412162	https://stackoverflow.com/questions/58723215/c-uwp-displaying-remote-image-loaded-over-https-in-webview
4965491	8919783	https://stackoverflow.com/questions/58711225/is-there-a-way-we-can-reduce-the-performance-time-to-copy-data-from-one-excel-fi
9723014	4857601	https://stackoverflow.com/questions/58698247/roslyn-code-analysis-returns-false-build-errors-from-an-error-free-solution
12327533	9664317	https://stackoverflow.com/questions/58721940/can-i-make-a-contentdialog-async-await-another-contentdialog-async-in-uwp
12327533	9412162	https://stackoverflow.com/questions/58721940/can-i-make-a-contentdialog-async-await-another-contentdialog-async-in-uwp
2443011	6265620	https://stackoverflow.com/questions/58704321/how-to-update-a-model-with-private-properties-in-entity-framework-core
12187145	5751404	https://stackoverflow.com/questions/58716769/how-to-pass-an-array-of-table-records-when-checked-to-controller-using-javascrip
496949	412770	https://stackoverflow.com/questions/4487004/is-there-a-way-to-know-i-am-getting-the-last-element-in-the-foreach-loop
496949	471007	https://stackoverflow.com/questions/4487004/is-there-a-way-to-know-i-am-getting-the-last-element-in-the-foreach-loop
496949	66887	https://stackoverflow.com/questions/4487004/is-there-a-way-to-know-i-am-getting-the-last-element-in-the-foreach-loop
496949	501459	https://stackoverflow.com/questions/4487004/is-there-a-way-to-know-i-am-getting-the-last-element-in-the-foreach-loop
496949	179972	https://stackoverflow.com/questions/4487004/is-there-a-way-to-know-i-am-getting-the-last-element-in-the-foreach-loop
496949	542821	https://stackoverflow.com/questions/4487004/is-there-a-way-to-know-i-am-getting-the-last-element-in-the-foreach-loop
496949	16076	https://stackoverflow.com/questions/4487004/is-there-a-way-to-know-i-am-getting-the-last-element-in-the-foreach-loop
8012407	10091607	https://stackoverflow.com/questions/58686923/cannot-use-vietnamese-signed-space-characters-in-url-parameters-in-blazor
8012407	3726963	https://stackoverflow.com/questions/58686923/cannot-use-vietnamese-signed-space-characters-in-url-parameters-in-blazor
27703	1818960	https://stackoverflow.com/questions/2655067/performancecountercategory-exists-is-very-slow-if-category-doesnt-exists
27703	204699	https://stackoverflow.com/questions/2655067/performancecountercategory-exists-is-very-slow-if-category-doesnt-exists
1159674	93733	https://stackoverflow.com/questions/44567280/where-is-msbuild-exe-installed-in-windows-when-installed-using-buildtools-full-e
1159674	1425903	https://stackoverflow.com/questions/44567280/where-is-msbuild-exe-installed-in-windows-when-installed-using-buildtools-full-e
1159674	2396539	https://stackoverflow.com/questions/44567280/where-is-msbuild-exe-installed-in-windows-when-installed-using-buildtools-full-e
12329261	12329261	https://stackoverflow.com/questions/58721581/jqgrid-how-to-disable-toolbar-base-on-selected-row-data
5648159	303298	https://stackoverflow.com/questions/58718977/nunit-get-outcomes-not-run
8491836	3033373	https://stackoverflow.com/questions/57140276/sync-two-server-instances-against-one-database
11601957	13302	https://stackoverflow.com/questions/56643110/how-to-uninstall-net-framework-4-8-in-visual-studio-2017-on-windows-10
11837857	3947172	https://stackoverflow.com/questions/57310187/ef-core-throws-an-exception-when-savechanges-method-is-called
11837857	2648798	https://stackoverflow.com/questions/57310187/ef-core-throws-an-exception-when-savechanges-method-is-called
9378913	293522	https://stackoverflow.com/questions/58294892/azure-support-for-net-4-8
9378913	10505040	https://stackoverflow.com/questions/58294892/azure-support-for-net-4-8
1654704	12329270	https://stackoverflow.com/questions/12318164/enter-key-press-in-c
1654704	8841836	https://stackoverflow.com/questions/12318164/enter-key-press-in-c
1654704	8346213	https://stackoverflow.com/questions/12318164/enter-key-press-in-c
1654704	4414323	https://stackoverflow.com/questions/12318164/enter-key-press-in-c
1654704	6066854	https://stackoverflow.com/questions/12318164/enter-key-press-in-c
1654704	5667644	https://stackoverflow.com/questions/12318164/enter-key-press-in-c
1654704	5363147	https://stackoverflow.com/questions/12318164/enter-key-press-in-c
1654704	4417135	https://stackoverflow.com/questions/12318164/enter-key-press-in-c
1654704	1385667	https://stackoverflow.com/questions/12318164/enter-key-press-in-c
1654704	3882236	https://stackoverflow.com/questions/12318164/enter-key-press-in-c
1654704	2659604	https://stackoverflow.com/questions/12318164/enter-key-press-in-c
1654704	1626442	https://stackoverflow.com/questions/12318164/enter-key-press-in-c
1654704	422437	https://stackoverflow.com/questions/12318164/enter-key-press-in-c
12132452	2137382	https://stackoverflow.com/questions/58719630/how-to-check-if-a-string-ends-with-a-number-without-regex
12132452	5718868	https://stackoverflow.com/questions/58719630/how-to-check-if-a-string-ends-with-a-number-without-regex
12132452	4052086	https://stackoverflow.com/questions/58719630/how-to-check-if-a-string-ends-with-a-number-without-regex
12132452	10409952	https://stackoverflow.com/questions/58719630/how-to-check-if-a-string-ends-with-a-number-without-regex
12132452	2177361	https://stackoverflow.com/questions/58719630/how-to-check-if-a-string-ends-with-a-number-without-regex
12180795	8173870	https://stackoverflow.com/questions/58488533/secure-string-is-it-still-worth-it
4339178	3094533	https://stackoverflow.com/questions/58021491/what-is-the-value-of-dbparameter-size-if-dbparameter-dbtype-is-binary
12240463	10430944	https://stackoverflow.com/questions/58457488/problem-with-do-while-loop-calculator-net-framework
11918096	12188799	https://stackoverflow.com/questions/58449973/state-machine-in-net-framework
12150871	1329652	https://stackoverflow.com/questions/58192878/how-do-you-capture-the-video-being-streamed-into-thunderbolt-3-port-using-c
7766563	5233410	https://stackoverflow.com/questions/57924995/ihttpclientfactory-di-registration-in-net-framework-with-autofac
5965291	5233410	https://stackoverflow.com/questions/40671102/routeprefix-in-web-api
12265449	12265449	https://stackoverflow.com/questions/58716133/hide-headerli-section-inside-with-true-or-false-result
495262	495262	https://stackoverflow.com/questions/58563335/make-maf-addinprocess-exe-long-path-aware
140418	17212	https://stackoverflow.com/questions/1534119/is-there-any-open-source-mocking-framework-resembling-typemock
140418	2326914	https://stackoverflow.com/questions/1534119/is-there-any-open-source-mocking-framework-resembling-typemock
140418	261628	https://stackoverflow.com/questions/1534119/is-there-any-open-source-mocking-framework-resembling-typemock
140418	222710	https://stackoverflow.com/questions/1534119/is-there-any-open-source-mocking-framework-resembling-typemock
140418	3244	https://stackoverflow.com/questions/1534119/is-there-any-open-source-mocking-framework-resembling-typemock
140418	122885	https://stackoverflow.com/questions/1534119/is-there-any-open-source-mocking-framework-resembling-typemock
140418	3834	https://stackoverflow.com/questions/1534119/is-there-any-open-source-mocking-framework-resembling-typemock
140418	161457	https://stackoverflow.com/questions/1534119/is-there-any-open-source-mocking-framework-resembling-typemock
946874	2305236	https://stackoverflow.com/questions/8360360/function-to-shrink-file-path-to-be-more-human-readable
946874	3706778	https://stackoverflow.com/questions/8360360/function-to-shrink-file-path-to-be-more-human-readable
946874	880990	https://stackoverflow.com/questions/8360360/function-to-shrink-file-path-to-be-more-human-readable
946874	7954167	https://stackoverflow.com/questions/8360360/function-to-shrink-file-path-to-be-more-human-readable
946874	3074176	https://stackoverflow.com/questions/8360360/function-to-shrink-file-path-to-be-more-human-readable
946874	472434	https://stackoverflow.com/questions/8360360/function-to-shrink-file-path-to-be-more-human-readable
946874	162671	https://stackoverflow.com/questions/8360360/function-to-shrink-file-path-to-be-more-human-readable
946874	245189	https://stackoverflow.com/questions/8360360/function-to-shrink-file-path-to-be-more-human-readable
467380	1185067	https://stackoverflow.com/questions/8155772/setting-a-variable-to-a-switchs-result
467380	808166	https://stackoverflow.com/questions/8155772/setting-a-variable-to-a-switchs-result
467380	31158	https://stackoverflow.com/questions/8155772/setting-a-variable-to-a-switchs-result
467380	754929	https://stackoverflow.com/questions/8155772/setting-a-variable-to-a-switchs-result
467380	65358	https://stackoverflow.com/questions/8155772/setting-a-variable-to-a-switchs-result
467380	22656	https://stackoverflow.com/questions/8155772/setting-a-variable-to-a-switchs-result
467380	141172	https://stackoverflow.com/questions/8155772/setting-a-variable-to-a-switchs-result
467380	61974	https://stackoverflow.com/questions/8155772/setting-a-variable-to-a-switchs-result
1420265	24315	https://stackoverflow.com/questions/29200101/net-streams-returning-vs-providing
1420265	25216	https://stackoverflow.com/questions/29200101/net-streams-returning-vs-providing
1420265	81179	https://stackoverflow.com/questions/29200101/net-streams-returning-vs-providing
1402498	397817	https://stackoverflow.com/questions/58101078/is-there-a-way-to-publish-a-net-standard-library-without-producing-a-nupkg-in
1402498	10910450	https://stackoverflow.com/questions/58101078/is-there-a-way-to-publish-a-net-standard-library-without-producing-a-nupkg-in
1200879	1299394	https://stackoverflow.com/questions/13016932/how-to-create-a-style-based-on-default-style
1200879	10744692	https://stackoverflow.com/questions/13016932/how-to-create-a-style-based-on-default-style
1200879	1090206	https://stackoverflow.com/questions/13016932/how-to-create-a-style-based-on-default-style
221800	993547	https://stackoverflow.com/questions/40676426/what-is-the-difference-between-x-is-null-and-x-null
221800	1206487	https://stackoverflow.com/questions/40676426/what-is-the-difference-between-x-is-null-and-x-null
8605746	8605746	https://stackoverflow.com/questions/58702850/why-is-id-returning-null-and-not-returning-the-next-id-from-the-database
8605746	12263881	https://stackoverflow.com/questions/58702850/why-is-id-returning-null-and-not-returning-the-next-id-from-the-database
127257	1278771	https://stackoverflow.com/questions/1408509/sometimes-adding-a-wcf-service-reference-generates-an-empty-reference-cs
127257	9172891	https://stackoverflow.com/questions/1408509/sometimes-adding-a-wcf-service-reference-generates-an-empty-reference-cs
127257	2900270	https://stackoverflow.com/questions/1408509/sometimes-adding-a-wcf-service-reference-generates-an-empty-reference-cs
127257	1438112	https://stackoverflow.com/questions/1408509/sometimes-adding-a-wcf-service-reference-generates-an-empty-reference-cs
127257	3244	https://stackoverflow.com/questions/1408509/sometimes-adding-a-wcf-service-reference-generates-an-empty-reference-cs
127257	3297642	https://stackoverflow.com/questions/1408509/sometimes-adding-a-wcf-service-reference-generates-an-empty-reference-cs
127257	5430493	https://stackoverflow.com/questions/1408509/sometimes-adding-a-wcf-service-reference-generates-an-empty-reference-cs
127257	1219280	https://stackoverflow.com/questions/1408509/sometimes-adding-a-wcf-service-reference-generates-an-empty-reference-cs
127257	1679056	https://stackoverflow.com/questions/1408509/sometimes-adding-a-wcf-service-reference-generates-an-empty-reference-cs
127257	1031591	https://stackoverflow.com/questions/1408509/sometimes-adding-a-wcf-service-reference-generates-an-empty-reference-cs
127257	16940	https://stackoverflow.com/questions/1408509/sometimes-adding-a-wcf-service-reference-generates-an-empty-reference-cs
127257	856488	https://stackoverflow.com/questions/1408509/sometimes-adding-a-wcf-service-reference-generates-an-empty-reference-cs
127257	1375932	https://stackoverflow.com/questions/1408509/sometimes-adding-a-wcf-service-reference-generates-an-empty-reference-cs
127257	1706263	https://stackoverflow.com/questions/1408509/sometimes-adding-a-wcf-service-reference-generates-an-empty-reference-cs
127257	1353936	https://stackoverflow.com/questions/1408509/sometimes-adding-a-wcf-service-reference-generates-an-empty-reference-cs
127257	673545	https://stackoverflow.com/questions/1408509/sometimes-adding-a-wcf-service-reference-generates-an-empty-reference-cs
127257	76337	https://stackoverflow.com/questions/1408509/sometimes-adding-a-wcf-service-reference-generates-an-empty-reference-cs
595119	7856081	https://stackoverflow.com/questions/5778080/trigger-treeview-afterselect-event-multiple-times
595119	5564406	https://stackoverflow.com/questions/5778080/trigger-treeview-afterselect-event-multiple-times
595119	9717257	https://stackoverflow.com/questions/5778080/trigger-treeview-afterselect-event-multiple-times
595119	366904	https://stackoverflow.com/questions/5778080/trigger-treeview-afterselect-event-multiple-times
595119	644812	https://stackoverflow.com/questions/5778080/trigger-treeview-afterselect-event-multiple-times
692753	692753	https://stackoverflow.com/questions/58301830/full-net-references-net-standard-class-library-filenotfoundexception
197878	366064	https://stackoverflow.com/questions/9564420/the-source-was-not-found-but-some-or-all-event-logs-could-not-be-searched
197878	2391063	https://stackoverflow.com/questions/9564420/the-source-was-not-found-but-some-or-all-event-logs-could-not-be-searched
197878	1570597	https://stackoverflow.com/questions/9564420/the-source-was-not-found-but-some-or-all-event-logs-could-not-be-searched
197878	4177802	https://stackoverflow.com/questions/9564420/the-source-was-not-found-but-some-or-all-event-logs-could-not-be-searched
197878	2326841	https://stackoverflow.com/questions/9564420/the-source-was-not-found-but-some-or-all-event-logs-could-not-be-searched
197878	436341	https://stackoverflow.com/questions/9564420/the-source-was-not-found-but-some-or-all-event-logs-could-not-be-searched
197878	2642288	https://stackoverflow.com/questions/9564420/the-source-was-not-found-but-some-or-all-event-logs-could-not-be-searched
197878	80136	https://stackoverflow.com/questions/9564420/the-source-was-not-found-but-some-or-all-event-logs-could-not-be-searched
11796257	8138367	https://stackoverflow.com/questions/58706152/how-to-listen-data-that-sended-from-net-server-in-react-page
11796257	11982418	https://stackoverflow.com/questions/58706152/how-to-listen-data-that-sended-from-net-server-in-react-page
1038676	304371	https://stackoverflow.com/questions/17355153/listbox-with-live-shaping-grouping-how-to-keep-selection-when-item-is-regroupe
716092	5618119	https://stackoverflow.com/questions/42767830/read-interpret-xml-query-estimation-plan-to-get-estimate-rows-count
1990415	573418	https://stackoverflow.com/questions/52065111/detected-package-downgrade-microsoft-netcore-app-from-2-1-3-to-2-1-0
1990415	1109689	https://stackoverflow.com/questions/52065111/detected-package-downgrade-microsoft-netcore-app-from-2-1-3-to-2-1-0
1990415	3839344	https://stackoverflow.com/questions/52065111/detected-package-downgrade-microsoft-netcore-app-from-2-1-3-to-2-1-0
1990415	5023964	https://stackoverflow.com/questions/52065111/detected-package-downgrade-microsoft-netcore-app-from-2-1-3-to-2-1-0
1990415	738690	https://stackoverflow.com/questions/52065111/detected-package-downgrade-microsoft-netcore-app-from-2-1-3-to-2-1-0
1990415	1229492	https://stackoverflow.com/questions/52065111/detected-package-downgrade-microsoft-netcore-app-from-2-1-3-to-2-1-0
1469494	1469494	https://stackoverflow.com/questions/58517394/print-fixeddocument-xps-to-pdf-without-showing-file-save-dialog
4812797	379550	https://stackoverflow.com/questions/58717893/net-authentication-framework-equivalent-to-devise-for-ruby
6619353	3538012	https://stackoverflow.com/questions/58705351/why-does-using-fieldoffset0-in-c-end-up-with-different-pointers-for-char-arra
12327533	5424988	https://stackoverflow.com/questions/58717034/c-regex-can-i-set-maxvalue-instead-of-maxlength-on-my-string
9723014	1305465	https://stackoverflow.com/questions/58652495/type-information-not-correctly-resolved-by-roslyn-semantic-model
1771963	1771963	https://stackoverflow.com/questions/58524190/how-to-retrieve-cookies-with-system-net-http-httprequestmessage
1771963	1771963	https://stackoverflow.com/questions/58524190/how-to-retrieve-cookies-with-system-net-http-httprequestmessage
5274	11178549	https://stackoverflow.com/questions/58666114/when-can-task-delay-throw-an-objectdisposedexception
1900498	3980331	https://stackoverflow.com/questions/29307035/concurrentbagt-and-locklistt-which-is-faster-to-add-or-remove
1900498	1319147	https://stackoverflow.com/questions/29307035/concurrentbagt-and-locklistt-which-is-faster-to-add-or-remove
1900498	310574	https://stackoverflow.com/questions/29307035/concurrentbagt-and-locklistt-which-is-faster-to-add-or-remove
977570	12172585	https://stackoverflow.com/questions/12830017/microsoft-visualbasic-fileio-does-not-exist
977570	1195620	https://stackoverflow.com/questions/12830017/microsoft-visualbasic-fileio-does-not-exist
1390272	10357907	https://stackoverflow.com/questions/58714898/how-to-detect-a-serial-bit-byte-error-in-serialport-class-c
1390272	3083337	https://stackoverflow.com/questions/58714898/how-to-detect-a-serial-bit-byte-error-in-serialport-class-c
12172559	426185	https://stackoverflow.com/questions/58714983/how-to-use-task-delay-for-calling-a-get-response-after-posting-to-external-api
12172559	9367732	https://stackoverflow.com/questions/58714983/how-to-use-task-delay-for-calling-a-get-response-after-posting-to-external-api
1014217	5641598	https://stackoverflow.com/questions/58620602/partitionkey-value-must-be-supplied-for-this-operation-in-cosmosdb-delete-operai
1014217	1749403	https://stackoverflow.com/questions/58620602/partitionkey-value-must-be-supplied-for-this-operation-in-cosmosdb-delete-operai
3813188	10769354	https://stackoverflow.com/questions/58714606/is-the-net-web-api-badrequest-method-equivalent-to-request-createerrorrespons
755120	12327093	https://stackoverflow.com/questions/56863631/is-it-possible-to-install-net-4-7-version-on-my-machine-when-net-4-8-is-alread
755120	402022	https://stackoverflow.com/questions/56863631/is-it-possible-to-install-net-4-7-version-on-my-machine-when-net-4-8-is-alread
1421651	12326978	https://stackoverflow.com/questions/58690708/can-i-integrate-anylogic-with-a-net-application
12197009	5753969	https://stackoverflow.com/questions/58712017/net-core-2-2-api-reactui-docker-file
859154	397817	https://stackoverflow.com/questions/56516658/are-there-any-formalized-target-framework-directives
79485	9363973	https://stackoverflow.com/questions/58619971/is-there-an-or-operator-in-c-conditional-compilation
947950	2558060	https://stackoverflow.com/questions/7898392/append-timestamp-to-a-file-name
947950	1383388	https://stackoverflow.com/questions/7898392/append-timestamp-to-a-file-name
947950	1052745	https://stackoverflow.com/questions/7898392/append-timestamp-to-a-file-name
947950	2967876	https://stackoverflow.com/questions/7898392/append-timestamp-to-a-file-name
947950	345490	https://stackoverflow.com/questions/7898392/append-timestamp-to-a-file-name
1173307	2663033	https://stackoverflow.com/questions/54267068/swashbuckle-fails-in-asp-net-core-with-notsupportedexception-exception
1173307	10518260	https://stackoverflow.com/questions/54267068/swashbuckle-fails-in-asp-net-core-with-notsupportedexception-exception
1173307	4950795	https://stackoverflow.com/questions/54267068/swashbuckle-fails-in-asp-net-core-with-notsupportedexception-exception
10182286	10505040	https://stackoverflow.com/questions/58704187/how-to-call-azure-resource-api-with-the-token
117499	597657	https://stackoverflow.com/questions/54096058/ibm-data-db2-core-connection-problems
117499	1442492	https://stackoverflow.com/questions/54096058/ibm-data-db2-core-connection-problems
91	8211528	https://stackoverflow.com/questions/51345161/should-i-take-ilogger-iloggert-iloggerfactory-or-iloggerprovider-for-a-libra
91	397807	https://stackoverflow.com/questions/51345161/should-i-take-ilogger-iloggert-iloggerfactory-or-iloggerprovider-for-a-libra
91	6200414	https://stackoverflow.com/questions/51345161/should-i-take-ilogger-iloggert-iloggerfactory-or-iloggerprovider-for-a-libra
91	9252793	https://stackoverflow.com/questions/51345161/should-i-take-ilogger-iloggert-iloggerfactory-or-iloggerprovider-for-a-libra
91	4702146	https://stackoverflow.com/questions/51345161/should-i-take-ilogger-iloggert-iloggerfactory-or-iloggerprovider-for-a-libra
91	45091	https://stackoverflow.com/questions/51345161/should-i-take-ilogger-iloggert-iloggerfactory-or-iloggerprovider-for-a-libra
12324967	52626	https://stackoverflow.com/questions/58709864/how-to-pause-code-so-it-can-finish-other-code-and-then-resume
8688743	8688743	https://stackoverflow.com/questions/58693083/c-detect-if-windows-features-are-turned-on-particularly-windows-media-player
6185004	8287462	https://stackoverflow.com/questions/36629173/html-to-pdf-conversion-using-aspose
6185004	1368028	https://stackoverflow.com/questions/36629173/html-to-pdf-conversion-using-aspose
6185004	6205218	https://stackoverflow.com/questions/36629173/html-to-pdf-conversion-using-aspose
1267778	5945199	https://stackoverflow.com/questions/11364481/datetime-round-up-and-down
1267778	1172100	https://stackoverflow.com/questions/11364481/datetime-round-up-and-down
1267778	4930511	https://stackoverflow.com/questions/11364481/datetime-round-up-and-down
1267778	1115220	https://stackoverflow.com/questions/11364481/datetime-round-up-and-down
1267778	116614	https://stackoverflow.com/questions/11364481/datetime-round-up-and-down
604920	12534	https://stackoverflow.com/questions/43104165/serilog-not-working-with-elasticsearch
604920	604920	https://stackoverflow.com/questions/43104165/serilog-not-working-with-elasticsearch
124266	6678909	https://stackoverflow.com/questions/7738244/c-4-0-memorycache-how-to-evict-dependent-cache-entries-when-changes-are-made
124266	3444173	https://stackoverflow.com/questions/7738244/c-4-0-memorycache-how-to-evict-dependent-cache-entries-when-changes-are-made
124266	1524192	https://stackoverflow.com/questions/7738244/c-4-0-memorycache-how-to-evict-dependent-cache-entries-when-changes-are-made
10626372	3703534	https://stackoverflow.com/questions/53365517/could-not-start-windows-service-error-1064
10626372	2798367	https://stackoverflow.com/questions/53365517/could-not-start-windows-service-error-1064
10626372	2367402	https://stackoverflow.com/questions/53365517/could-not-start-windows-service-error-1064
566745	566745	https://stackoverflow.com/questions/58641058/how-to-filter-log-records-in-an-application
4965491	5649213	https://stackoverflow.com/questions/58708729/is-there-a-way-to-read-data-from-csv-and-write-data-to-csv-in-c-without-using-a
9046018	9046018	https://stackoverflow.com/questions/58698095/how-to-launch-puppeteersharp-on-server-ubuntu-18-04-3-lts-system-componentmodel
452199	6839364	https://stackoverflow.com/questions/7034969/sql-server-stops-loading-assembly
452199	12159735	https://stackoverflow.com/questions/7034969/sql-server-stops-loading-assembly
452199	48348	https://stackoverflow.com/questions/7034969/sql-server-stops-loading-assembly
452199	490614	https://stackoverflow.com/questions/7034969/sql-server-stops-loading-assembly
452199	238517	https://stackoverflow.com/questions/7034969/sql-server-stops-loading-assembly
452199	664628	https://stackoverflow.com/questions/7034969/sql-server-stops-loading-assembly
452199	114169	https://stackoverflow.com/questions/7034969/sql-server-stops-loading-assembly
452199	105929	https://stackoverflow.com/questions/7034969/sql-server-stops-loading-assembly
452199	1780760	https://stackoverflow.com/questions/7034969/sql-server-stops-loading-assembly
452199	1788773	https://stackoverflow.com/questions/7034969/sql-server-stops-loading-assembly
452199	215057	https://stackoverflow.com/questions/7034969/sql-server-stops-loading-assembly
452199	538609	https://stackoverflow.com/questions/7034969/sql-server-stops-loading-assembly
183367	232175	https://stackoverflow.com/questions/6800705/why-is-taskscheduler-current-the-default-taskscheduler
183367	414911	https://stackoverflow.com/questions/6800705/why-is-taskscheduler-current-the-default-taskscheduler
183367	280392	https://stackoverflow.com/questions/6800705/why-is-taskscheduler-current-the-default-taskscheduler
183367	1016	https://stackoverflow.com/questions/6800705/why-is-taskscheduler-current-the-default-taskscheduler
183367	41071	https://stackoverflow.com/questions/6800705/why-is-taskscheduler-current-the-default-taskscheduler
765955	23354	https://stackoverflow.com/questions/58706605/pass-type-as-a-parameter-to-template-function
465408	460084	https://stackoverflow.com/questions/4015324/how-to-make-http-post-web-request
465408	483349	https://stackoverflow.com/questions/4015324/how-to-make-http-post-web-request
465408	8803505	https://stackoverflow.com/questions/4015324/how-to-make-http-post-web-request
465408	107409	https://stackoverflow.com/questions/4015324/how-to-make-http-post-web-request
465408	10145516	https://stackoverflow.com/questions/4015324/how-to-make-http-post-web-request
465408	9563698	https://stackoverflow.com/questions/4015324/how-to-make-http-post-web-request
465408	4537529	https://stackoverflow.com/questions/4015324/how-to-make-http-post-web-request
465408	164001	https://stackoverflow.com/questions/4015324/how-to-make-http-post-web-request
465408	2188550	https://stackoverflow.com/questions/4015324/how-to-make-http-post-web-request
465408	2601521	https://stackoverflow.com/questions/4015324/how-to-make-http-post-web-request
465408	48684	https://stackoverflow.com/questions/4015324/how-to-make-http-post-web-request
247902	12324229	https://stackoverflow.com/questions/9527963/datagridview-rows-background-color-is-not-changing
247902	7936820	https://stackoverflow.com/questions/9527963/datagridview-rows-background-color-is-not-changing
247902	3064934	https://stackoverflow.com/questions/9527963/datagridview-rows-background-color-is-not-changing
247902	2065336	https://stackoverflow.com/questions/9527963/datagridview-rows-background-color-is-not-changing
247902	2031765	https://stackoverflow.com/questions/9527963/datagridview-rows-background-color-is-not-changing
247902	570150	https://stackoverflow.com/questions/9527963/datagridview-rows-background-color-is-not-changing
1248050	2315972	https://stackoverflow.com/questions/13525211/could-not-load-file-or-assembly-temporary-asp-net-files
1248050	8719433	https://stackoverflow.com/questions/13525211/could-not-load-file-or-assembly-temporary-asp-net-files
1248050	127175	https://stackoverflow.com/questions/13525211/could-not-load-file-or-assembly-temporary-asp-net-files
1248050	114029	https://stackoverflow.com/questions/13525211/could-not-load-file-or-assembly-temporary-asp-net-files
1248050	77154	https://stackoverflow.com/questions/13525211/could-not-load-file-or-assembly-temporary-asp-net-files
1248050	1409489	https://stackoverflow.com/questions/13525211/could-not-load-file-or-assembly-temporary-asp-net-files
1248050	1184953	https://stackoverflow.com/questions/13525211/could-not-load-file-or-assembly-temporary-asp-net-files
1248050	21645	https://stackoverflow.com/questions/13525211/could-not-load-file-or-assembly-temporary-asp-net-files
1230189	1213289	https://stackoverflow.com/questions/17471745/ftp-getresponse-error-550-file-unavailable
1230189	1216339	https://stackoverflow.com/questions/17471745/ftp-getresponse-error-550-file-unavailable
1230189	2661158	https://stackoverflow.com/questions/17471745/ftp-getresponse-error-550-file-unavailable
1230189	3432690	https://stackoverflow.com/questions/17471745/ftp-getresponse-error-550-file-unavailable
1230189	1220616	https://stackoverflow.com/questions/17471745/ftp-getresponse-error-550-file-unavailable
1230189	2709214	https://stackoverflow.com/questions/17471745/ftp-getresponse-error-550-file-unavailable
1230189	7405558	https://stackoverflow.com/questions/17471745/ftp-getresponse-error-550-file-unavailable
1230189	5238041	https://stackoverflow.com/questions/17471745/ftp-getresponse-error-550-file-unavailable
1230189	1810774	https://stackoverflow.com/questions/17471745/ftp-getresponse-error-550-file-unavailable
1230189	2272490	https://stackoverflow.com/questions/17471745/ftp-getresponse-error-550-file-unavailable
1230189	4362879	https://stackoverflow.com/questions/17471745/ftp-getresponse-error-550-file-unavailable
1230189	3495563	https://stackoverflow.com/questions/17471745/ftp-getresponse-error-550-file-unavailable
1230189	1147482	https://stackoverflow.com/questions/17471745/ftp-getresponse-error-550-file-unavailable
1230189	1152004	https://stackoverflow.com/questions/17471745/ftp-getresponse-error-550-file-unavailable
2246362	4267940	https://stackoverflow.com/questions/49695476/using-com-object-in-net-core-2-0
2246362	2246362	https://stackoverflow.com/questions/49695476/using-com-object-in-net-core-2-0
2246362	1327525	https://stackoverflow.com/questions/49695476/using-com-object-in-net-core-2-0
2246362	654031	https://stackoverflow.com/questions/49695476/using-com-object-in-net-core-2-0
10182254	9455659	https://stackoverflow.com/questions/58660286/get-all-subscriptions-in-all-tenants-one-user-belongs-to
1088979	397817	https://stackoverflow.com/questions/54355815/can-i-use-net-standard-to-wrap-net-core-nuget-packages-and-make-them-available
9534196	784725	https://stackoverflow.com/questions/58692020/merge-appointments-start-and-stop-time-by-priority
2357885	216074	https://stackoverflow.com/questions/52295744/how-to-load-different-layout-pages-based-on-domain-name
2357885	9743064	https://stackoverflow.com/questions/52295744/how-to-load-different-layout-pages-based-on-domain-name
1835622	1835622	https://stackoverflow.com/questions/58687061/can-we-resolve-an-implementation-of-an-interface-that-uses-other-implementations
11453246	12322967	https://stackoverflow.com/questions/58700272/get-specific-list-of-collections-from-mongo
80869	415523	https://stackoverflow.com/questions/1337253/converting-c-knowledge-to-vb-net-any-potential-problems
80869	363751	https://stackoverflow.com/questions/1337253/converting-c-knowledge-to-vb-net-any-potential-problems
80869	60724	https://stackoverflow.com/questions/1337253/converting-c-knowledge-to-vb-net-any-potential-problems
80869	1143	https://stackoverflow.com/questions/1337253/converting-c-knowledge-to-vb-net-any-potential-problems
80869	15639	https://stackoverflow.com/questions/1337253/converting-c-knowledge-to-vb-net-any-potential-problems
80869	112194	https://stackoverflow.com/questions/1337253/converting-c-knowledge-to-vb-net-any-potential-problems
80869	69083	https://stackoverflow.com/questions/1337253/converting-c-knowledge-to-vb-net-any-potential-problems
80869	44586	https://stackoverflow.com/questions/1337253/converting-c-knowledge-to-vb-net-any-potential-problems
80869	48910	https://stackoverflow.com/questions/1337253/converting-c-knowledge-to-vb-net-any-potential-problems
80869	16306	https://stackoverflow.com/questions/1337253/converting-c-knowledge-to-vb-net-any-potential-problems
80869	1942	https://stackoverflow.com/questions/1337253/converting-c-knowledge-to-vb-net-any-potential-problems
80869	112194	https://stackoverflow.com/questions/1337253/converting-c-knowledge-to-vb-net-any-potential-problems
80869	49241	https://stackoverflow.com/questions/1337253/converting-c-knowledge-to-vb-net-any-potential-problems
80869	23283	https://stackoverflow.com/questions/1337253/converting-c-knowledge-to-vb-net-any-potential-problems
5775000	5775000	https://stackoverflow.com/questions/58699608/getting-error-in-both-postman-and-angular
979189	6080944	https://stackoverflow.com/questions/34048531/ajax-utility-registertypeforajax-not-registering-ajax-type-on-my-machine
9578604	423497	https://stackoverflow.com/questions/58700362/do-the-add-methods-of-the-dbset-result-in-an-immediate-query-to-a-database-in-ef
9349992	8544565	https://stackoverflow.com/questions/58590989/dapper-not-able-to-parse-column-string
9144753	9794003	https://stackoverflow.com/questions/58699768/handle-when-last-request-is-done-on-parallel-linq
6534534	3174766	https://stackoverflow.com/questions/58204369/ef-context-not-responding-in-docker
537143	418488	https://stackoverflow.com/questions/58675873/f-execution-speed-difference-between-visual-studio-and-the-command-line-generat
12114551	1401699	https://stackoverflow.com/questions/58666107/c-quiz-random-questions-with-no-specific-answer
12114551	2052655	https://stackoverflow.com/questions/58666107/c-quiz-random-questions-with-no-specific-answer
12114551	10788327	https://stackoverflow.com/questions/58666107/c-quiz-random-questions-with-no-specific-answer
12114551	1413329	https://stackoverflow.com/questions/58666107/c-quiz-random-questions-with-no-specific-answer
12114551	2125444	https://stackoverflow.com/questions/58666107/c-quiz-random-questions-with-no-specific-answer
12322330	1903240	https://stackoverflow.com/questions/58699597/how-do-i-make-windows-service-complete-all-code-before-repeating-process
1942656	424129	https://stackoverflow.com/questions/58694628/t-does-not-contain-a-definition-for-foo-and-the-best-extension-method-overlo
1942656	1874522	https://stackoverflow.com/questions/58694628/t-does-not-contain-a-definition-for-foo-and-the-best-extension-method-overlo
3724237	1046584	https://stackoverflow.com/questions/27364922/retry-pattern-vs-fall-back-pattern-in-rest-client
3724237	2517719	https://stackoverflow.com/questions/27364922/retry-pattern-vs-fall-back-pattern-in-rest-client
815847	815847	https://stackoverflow.com/questions/57511813/request-data-after-short-delay-when-character-is-typed-in-entry-control-with-xam
815847	1059614	https://stackoverflow.com/questions/57511813/request-data-after-short-delay-when-character-is-typed-in-entry-control-with-xam
1269846	1144396	https://stackoverflow.com/questions/39644625/value-of-setting-was-changed-in-the-app-config-file-when-loading-solution
239594	6812039	https://stackoverflow.com/questions/18813349/map-guid-property-to-oracle-in-entity-framework-code-first
239594	239594	https://stackoverflow.com/questions/18813349/map-guid-property-to-oracle-in-entity-framework-code-first
1425210	2691557	https://stackoverflow.com/questions/53928246/net-core-host-process-high-cpu-usage-in-windows-2016-iis-in-asp-net-core-2-2-ap
1425210	1425210	https://stackoverflow.com/questions/53928246/net-core-host-process-high-cpu-usage-in-windows-2016-iis-in-asp-net-core-2-2-ap
4830	76337	https://stackoverflow.com/questions/2457513/can-a-domain-specific-language-dsl-be-localized-i-e-translated
4830	223370	https://stackoverflow.com/questions/2457513/can-a-domain-specific-language-dsl-be-localized-i-e-translated
2050521	8398584	https://stackoverflow.com/questions/58653382/how-to-create-an-aspect-in-codefluent
